<?xml version="1.0" encoding="UTF-8"?>

<beans xmlns="http://www.springframework.org/schema/beans"
       xmlns:xsi="http://www.w3.org/2001/XMLSchema-instance"
       xmlns:dwr="http://www.directwebremoting.org/schema/spring-dwr"
       xmlns:p="http://www.springframework.org/schema/p"
       xsi:schemaLocation="
       http://www.springframework.org/schema/beans http://www.springframework.org/schema/beans/spring-beans-3.0.xsd
       http://www.directwebremoting.org/schema/spring-dwr http://www.directwebremoting.org/schema/spring-dwr-2.0.xsd">

    <!-- URL handler config, just mapping based -->
    <bean class="org.springframework.web.servlet.handler.SimpleUrlHandlerMapping">
        <property name="mappings">
            <value>
                /homepage.blr=homePageController
                /new/text.blr=textController
                /new/quote.blr=quoteController
                /new/link.blr=linkController
            </value>
        </property>
    </bean>

    <!-- our controllers -->
    <bean id="homePageController" class="com.rnsolutions.stumblr.webmvc.HomepageController">
        <property name="viewName" value="homepage"/>
        <property name="postService" ref="postService"/>
    </bean>
    <bean id="textController" class="com.rnsolutions.stumblr.webmvc.NewTextPostController">
        <property name="viewName" value="newText"/>
        <property name="postService" ref="postService"/>
    </bean>
    <bean id="quoteController" class="com.rnsolutions.stumblr.webmvc.NewQuotePostController">
        <property name="viewName" value="newQuote"/>
        <property name="postService" ref="postService"/>
    </bean>
    <bean id="linkController" class="com.rnsolutions.stumblr.webmvc.NewLinkPostController">
        <property name="viewName" value="newLink"/>
        <property name="postService" ref="postService"/>
    </bean>

    <!-- Tiles Configuration -->
    <bean id="tilesConfigurer" class="org.springframework.web.servlet.view.tiles2.TilesConfigurer">
        <property name="definitions">
            <list>
                <value>/WEB-INF/tiles-defs/templates.xml</value>
            </list>
        </property>
    </bean>

    <bean id="tilesViewResolver" class="org.springframework.web.servlet.view.UrlBasedViewResolver">
        <property name="viewClass" value="org.springframework.web.servlet.view.tiles2.TilesView"/>
    </bean>

    <!-- our dwr stuff -->
    <bean id="postDwr" class="com.rnsolutions.stumblr.dwr.PostDwr">
        <property name="postService" ref="postService"/>
        <dwr:remote javascript="PostDwr">
            <dwr:include method="getLatestStatus"/>
            <dwr:include method="deleteAttachment"/>
        </dwr:remote>
    </bean>

</beans>