<?xml version="1.0" encoding="UTF-8"?>

<beans xmlns="http://www.springframework.org/schema/beans"
	xmlns:xsi="http://www.w3.org/2001/XMLSchema-instance"
	xsi:schemaLocation="
           http://www.springframework.org/schema/beans http://www.springframework.org/schema/beans/spring-beans-3.0.xsd">

    <!-- find beans that use the spring annotations for jmx exposure -->
    <bean id="annotatedMBeanExporter"
		class="org.springframework.jmx.export.MBeanExporter">
        <property name="assembler" ref="assembler" />
        <property name="namingStrategy" ref="namingStrategy" />
        <property name="autodetectModeName" value="AUTODETECT_ASSEMBLER" />
    </bean>

    <bean id="jmxAttributeSource"
		class="org.springframework.jmx.export.annotation.AnnotationJmxAttributeSource" />

    <!-- will create management interface using annotation metadata -->
    <bean id="assembler"
		class="org.springframework.jmx.export.assembler.MetadataMBeanInfoAssembler">
        <property name="attributeSource" ref="jmxAttributeSource" />
    </bean>

    <!-- will pick up ObjectName from annotation -->
    <bean id="namingStrategy"
		class="org.springframework.jmx.export.naming.MetadataNamingStrategy">
        <property name="attributeSource" ref="jmxAttributeSource" />
    </bean>

</beans>